metric,raw,calibrated
brier,0.0004147881518629727,0.0004110894787326529
ece,0.0004455396151962278,0.0001724478523327243
