{
  "fraud_example": {
    "features": {
      "Time": 406.0,
      "V1": -2.312227,
      "V2": 1.951992,
      "V3": -1.609851,
      "V4": 3.997906,
      "V5": -0.522188,
      "V6": -1.426545,
      "V7": -2.537387,
      "V8": 1.391657,
      "V9": -2.770089,
      "V10": -2.772272,
      "V11": 3.202033,
      "V12": -2.899907,
      "V13": -0.595222,
      "V14": -4.289254,
      "V15": 0.389724,
      "V16": -1.140747,
      "V17": -2.830056,
      "V18": -0.016822,
      "V19": 0.416956,
      "V20": 0.126911,
      "V21": 0.517232,
      "V22": -0.035049,
      "V23": -0.465211,
      "V24": 0.320198,
      "V25": 0.044519,
      "V26": 0.17784,
      "V27": 0.261145,
      "V28": -0.143276,
      "Amount": 0.0
    },
    "top_k": 6
  },
  "borderline_example": {
    "features": {
      "Time": 472.0,
      "V1": -3.043541,
      "V2": -3.157307,
      "V3": 1.088463,
      "V4": 2.288644,
      "V5": 1.359805,
      "V6": -1.064823,
      "V7": 0.325574,
      "V8": -0.067794,
      "V9": -0.270953,
      "V10": -0.838587,
      "V11": -0.414575,
      "V12": -0.503141,
      "V13": 0.676502,
      "V14": -1.692029,
      "V15": 2.000635,
      "V16": 0.66678,
      "V17": 0.599717,
      "V18": 1.725321,
      "V19": 0.283345,
      "V20": 2.102339,
      "V21": 0.661696,
      "V22": 0.435477,
      "V23": 1.375966,
      "V24": -0.293803,
      "V25": 0.279798,
      "V26": -0.145362,
      "V27": -0.252773,
      "V28": 0.035764,
      "Amount": 529.0
    },
    "top_k": 6
  },
  "normal_example": {
    "features": {
      "Time": 1.0,
      "V1": -0.966272,
      "V2": -0.185226,
      "V3": 1.792993,
      "V4": -0.863291,
      "V5": -0.010309,
      "V6": 1.247203,
      "V7": 0.237609,
      "V8": 0.377436,
      "V9": -1.387024,
      "V10": -0.054952,
      "V11": -0.226487,
      "V12": 0.178228,
      "V13": 0.507757,
      "V14": -0.287924,
      "V15": -0.631418,
      "V16": -1.059647,
      "V17": -0.684093,
      "V18": 1.965775,
      "V19": -1.232622,
      "V20": -0.208038,
      "V21": -0.1083,
      "V22": 0.005274,
      "V23": -0.190321,
      "V24": -1.175575,
      "V25": 0.647376,
      "V26": -0.221929,
      "V27": 0.062723,
      "V28": 0.061458,
      "Amount": 123.5
    },
    "top_k": 6
  }
}